{"meta":{"version":1,"warehouse":"5.0.1"},"models":{"Asset":[{"_id":"themes/fluid/source/css/gitalk.css","path":"css/gitalk.css","modified":0,"renderable":1},{"_id":"themes/fluid/source/css/highlight-dark.styl","path":"css/highlight-dark.styl","modified":0,"renderable":1},{"_id":"themes/fluid/source/css/highlight.styl","path":"css/highlight.styl","modified":0,"renderable":1},{"_id":"themes/fluid/source/css/main.styl","path":"css/main.styl","modified":0,"renderable":1},{"_id":"themes/fluid/source/img/avatar.png","path":"img/avatar.png","modified":0,"renderable":1},{"_id":"themes/fluid/source/img/default.png","path":"img/default.png","modified":0,"renderable":1},{"_id":"themes/fluid/source/img/fluid.png","path":"img/fluid.png","modified":0,"renderable":1},{"_id":"themes/fluid/source/img/loading.gif","path":"img/loading.gif","modified":0,"renderable":1},{"_id":"themes/fluid/source/img/police_beian.png","path":"img/police_beian.png","modified":0,"renderable":1},{"_id":"themes/fluid/source/js/boot.js","path":"js/boot.js","modified":0,"renderable":1},{"_id":"themes/fluid/source/js/events.js","path":"js/events.js","modified":0,"renderable":1},{"_id":"themes/fluid/source/js/color-schema.js","path":"js/color-schema.js","modified":0,"renderable":1},{"_id":"themes/fluid/source/js/img-lazyload.js","path":"js/img-lazyload.js","modified":0,"renderable":1},{"_id":"themes/fluid/source/js/leancloud.js","path":"js/leancloud.js","modified":0,"renderable":1},{"_id":"themes/fluid/source/js/local-search.js","path":"js/local-search.js","modified":0,"renderable":1},{"_id":"themes/fluid/source/js/plugins.js","path":"js/plugins.js","modified":0,"renderable":1},{"_id":"themes/fluid/source/js/umami-view.js","path":"js/umami-view.js","modified":0,"renderable":1},{"_id":"themes/fluid/source/js/utils.js","path":"js/utils.js","modified":0,"renderable":1},{"_id":"themes/fluid/source/xml/local-search.xml","path":"xml/local-search.xml","modified":0,"renderable":1}],"Cache":[{"_id":"source/_posts/CYH.md","hash":"85c961a7ac470c40cb4a8cc5c9202d6043a60d6a","modified":1754547740384},{"_id":"source/_posts/ceshi.md","hash":"abce0d9d05a860cd35aef956937d70c4481467e5","modified":1762495858976},{"_id":"source/_posts/hello-world.md","hash":"71af320ba5494662e81194502f049411d5adf19f","modified":1754447016281},{"_id":"source/_posts/中医.md","hash":"406c4cab105ffcc500bbd78f13573e85104b3555","modified":1754978169706},{"_id":"source/_posts/崔玉卉是大美女.md","hash":"bdb28a98b53d977129408fd35e2680538d04ba8c","modified":1754462682992},{"_id":"source/_posts/最近在干嘛.md","hash":"b32a31216bf8bb73973d0e4468e192fecb1d6386","modified":1762418757358},{"_id":"source/_posts/记录第一次成功搭建个人博客.md","hash":"3a4c17dab5ab39a381d118cb8cacf7f916eb9414","modified":1754446904445},{"_id":"source/about/index.md","hash":"ab95349e15ebe3b0000d8c095249d638c218b762","modified":1754447696735},{"_id":"themes/fluid/source/css/_pages/_tag/tag.styl","hash":"da39a3ee5e6b4b0d3255bfef95601890afd80709","modified":1721800613000},{"_id":"source/_posts/ceshi/ceshi.png","hash":"f16c2739cbece594cfb64dedd30dd0a02c5a05cf","modified":1661824181330},{"_id":"themes/fluid/.editorconfig","hash":"33218fbd623feb43edf5f99f15965392cecc44a6","modified":1721800613000},{"_id":"themes/fluid/.eslintrc","hash":"4bc2b19ce2b8c4d242f97d4ccf2d741e68ab0097","modified":1721800613000},{"_id":"themes/fluid/.gitattributes","hash":"a54f902957d49356376b59287b894b1a3d7a003f","modified":1721800613000},{"_id":"themes/fluid/.gitignore","hash":"ae3bfcb89777657c5dfb5169d91445dcb0e5ab98","modified":1721800613000},{"_id":"themes/fluid/LICENSE","hash":"26f9356fd6e84b5a88df6d9014378f41b65ba209","modified":1721800613000},{"_id":"themes/fluid/README.md","hash":"ff9b0e1fb9dba665af2f1e4a577f8cb9e840464b","modified":1721800613000},{"_id":"themes/fluid/README_en.md","hash":"365184a73af40e7365504c3077f3d80dfee1d80e","modified":1721800613000},{"_id":"themes/fluid/_config.yml","hash":"e4645aef352b79a87677932e077fd3d4841f62a0","modified":1754449025978},{"_id":"themes/fluid/package.json","hash":"7746460fc2eba7439b494c46aa9b5ded81370819","modified":1721800613000},{"_id":"themes/fluid/languages/de.yml","hash":"58dccef1d98b472dc4e6f4693c2297b0c9c5afba","modified":1721800613000},{"_id":"themes/fluid/languages/en.yml","hash":"9c580471257f5a32bee701a059a45ea96755dcdc","modified":1721800613000},{"_id":"themes/fluid/languages/eo.yml","hash":"7c1a0c9f6186b6643b19d3980f055329bdb4efa4","modified":1721800613000},{"_id":"themes/fluid/languages/ja.yml","hash":"550b95d3614a64592f02666938d235e9f11e449e","modified":1721800613000},{"_id":"themes/fluid/languages/ru.yml","hash":"93818f8bf07195fb1ebffbb5210e531b0e3a6ec4","modified":1721800613000},{"_id":"themes/fluid/languages/es.yml","hash":"026ddf1a49bf8ddfef6ed86ab4d6af143c1dd95f","modified":1721800613000},{"_id":"themes/fluid/languages/zh-CN.yml","hash":"a60847136709bb95586a98d9d67b50390a8d2c96","modified":1721800613000},{"_id":"themes/fluid/languages/zh-HK.yml","hash":"51c2b4d64c6992a39bfd2586a1bdf5fbbbdf0175","modified":1721800613000},{"_id":"themes/fluid/languages/zh-TW.yml","hash":"e1043de394f6dcf5c0647adcfdefe60637f78426","modified":1721800613000},{"_id":"themes/fluid/layout/404.ejs","hash":"b84d575c7b7f778b4cb64e89ad3d0aed4a896820","modified":1721800613000},{"_id":"themes/fluid/layout/about.ejs","hash":"052e9fc19c753f53fdc083c7fb098e3668880140","modified":1721800613000},{"_id":"themes/fluid/layout/archive.ejs","hash":"7c1f44005849791feae4abaa10fae4cb983d3277","modified":1721800613000},{"_id":"themes/fluid/layout/categories.ejs","hash":"13859726c27b6c79b5876ec174176d0f9c1ee164","modified":1721800613000},{"_id":"themes/fluid/layout/category.ejs","hash":"f099161b738a16a32253f42085b5444f902018ed","modified":1721800613000},{"_id":"themes/fluid/layout/index.ejs","hash":"33c3317cdcee062789de2336dd8d0cc7f86d3650","modified":1721800613000},{"_id":"themes/fluid/layout/links.ejs","hash":"1cac32ec4579aaf7b9fa39d317497331d4c5e1dd","modified":1721800613000},{"_id":"themes/fluid/layout/layout.ejs","hash":"7e0023474128fbe4d68c467704c41f1712432415","modified":1721800613000},{"_id":"themes/fluid/layout/page.ejs","hash":"ed5007a3feb8f14d3d2843271bfb298eb0c56219","modified":1721800613000},{"_id":"themes/fluid/layout/post.ejs","hash":"9bf0d357a607a282f3b9cb04525a4df0cc2a8b76","modified":1721800613000},{"_id":"themes/fluid/layout/tag.ejs","hash":"9d686364c4d16a1a9219471623af452035c5b966","modified":1721800613000},{"_id":"themes/fluid/layout/tags.ejs","hash":"1d06af34b6cf1d8a20d2eb565e309326ceba309f","modified":1721800613000},{"_id":"themes/fluid/.github/workflows/cr.yaml","hash":"19a8a00f5ba9607d82265572fe1202b64a8b0822","modified":1721800613000},{"_id":"themes/fluid/.github/workflows/limit.yaml","hash":"f8bd2edeb4424ee7a055b31583445d5d5dff91a4","modified":1721800613000},{"_id":"themes/fluid/.github/workflows/publish.yaml","hash":"6f02e6440d88629229556e3fd47d0280fe2240db","modified":1721800613000},{"_id":"themes/fluid/.github/ISSUE_TEMPLATE/bug_report.md","hash":"554c0d0e086a0784d83ee71c83f8bceeb60aecc8","modified":1721800613000},{"_id":"themes/fluid/.github/ISSUE_TEMPLATE/bug_report_zh.md","hash":"c8b0d49c49e3c88872fd3b37909345ff5b2b6aa0","modified":1721800613000},{"_id":"themes/fluid/.github/ISSUE_TEMPLATE/feature_request.md","hash":"c134dd57ffd269b93402ccfffe7dbe0f0b583bec","modified":1721800613000},{"_id":"themes/fluid/.github/ISSUE_TEMPLATE/feature_request_zh.md","hash":"ed08574b196447376dd74411cca664ac9227a5d4","modified":1721800613000},{"_id":"themes/fluid/.github/ISSUE_TEMPLATE/question.md","hash":"ab5eab9e3ff889c4ba7fd82846e7f5b7ae15bebc","modified":1721800613000},{"_id":"themes/fluid/.github/ISSUE_TEMPLATE/question_zh.md","hash":"fff07ce0472afc368d388637cb9d438195da9b5b","modified":1721800613000},{"_id":"themes/fluid/layout/_partials/category-chains.ejs","hash":"18309584aab83bc4deb20723ebad832149dd2e24","modified":1721800613000},{"_id":"themes/fluid/layout/_partials/archive-list.ejs","hash":"7520fbf91f762207c2ab06b2c293235cd5b23905","modified":1721800613000},{"_id":"themes/fluid/layout/_partials/category-list.ejs","hash":"f8d2f1907450e61968e6d54443e9be8138196a77","modified":1721800613000},{"_id":"themes/fluid/layout/_partials/comments.ejs","hash":"d707c47b2638c94e489bc43d4cfd098b7c58447f","modified":1721800613000},{"_id":"themes/fluid/layout/_partials/css.ejs","hash":"1dadb118d580280524ed0a5f69bd34d234a92276","modified":1721800613000},{"_id":"themes/fluid/layout/_partials/head.ejs","hash":"67be642f99482c07904474f410cfbc2f99003288","modified":1721800613000},{"_id":"themes/fluid/layout/_partials/footer.ejs","hash":"40c8b0852873032e7aaef3f68e8ea08706cdef13","modified":1721800613000},{"_id":"themes/fluid/layout/_partials/header.ejs","hash":"0d5e397d30051e5fbabe7b47cfd1f1e6a5820af1","modified":1721800613000},{"_id":"themes/fluid/layout/_partials/markdown-plugins.ejs","hash":"fc4bdf7de0cf1a66d0e5e4fba1b31d6f7ed49468","modified":1721800613000},{"_id":"themes/fluid/layout/_partials/paginator.ejs","hash":"0f38a2c238169edcb63fc46c23bfc529ff3859b7","modified":1721800613000},{"_id":"themes/fluid/layout/_partials/scripts.ejs","hash":"da5810785105e5075861593c7ac22c7aa9665a72","modified":1721800613000},{"_id":"themes/fluid/layout/_partials/search.ejs","hash":"70e1c929e084ca8a2648cedabf29b372511ea2b8","modified":1721800613000},{"_id":"themes/fluid/scripts/events/index.js","hash":"79de5a379b28cad759a49048351c7f6b8915bd7d","modified":1721800613000},{"_id":"themes/fluid/scripts/filters/default-injects.js","hash":"b2013ae8e189cd07ebc8a2ff48a78e153345210f","modified":1721800613000},{"_id":"themes/fluid/scripts/filters/locals.js","hash":"58d0fec976f6b1d35e7ea03edc45414088acf05c","modified":1721800613000},{"_id":"themes/fluid/scripts/filters/post-filter.js","hash":"82bb06686158ebe160a631c79f156cd4fde35656","modified":1721800613000},{"_id":"themes/fluid/scripts/generators/index-generator.js","hash":"9159fc22fa84a7b605dd15fe4104f01fe9c71147","modified":1721800613000},{"_id":"themes/fluid/scripts/generators/local-search.js","hash":"9ac5ddad06e9b0e6015ce531430018182a4bc0fa","modified":1721800613000},{"_id":"themes/fluid/scripts/generators/pages.js","hash":"d3e75f53c59674d171309e50702954671f31f1a4","modified":1721800613000},{"_id":"themes/fluid/scripts/helpers/date.js","hash":"9bda6382f61b40a20c24af466fe10c8366ebb74c","modified":1721800613000},{"_id":"themes/fluid/scripts/helpers/engine.js","hash":"d3a231d106795ce99cb0bc77eb65f9ae44515933","modified":1721800613000},{"_id":"themes/fluid/scripts/helpers/export-config.js","hash":"8e67b522c47aa250860e3fe2c733f1f958a506c0","modified":1721800613000},{"_id":"themes/fluid/scripts/helpers/import.js","hash":"ca53e8dbf7d44cfd372cfa79ac60f35a7d5b0076","modified":1721800613000},{"_id":"themes/fluid/scripts/helpers/injects.js","hash":"1ad2ae6b11bd8806ee7dd6eb7140d8b54a95d613","modified":1721800613000},{"_id":"themes/fluid/scripts/helpers/page.js","hash":"4607607445233b3029ef20ed5e91de0da0a7f9c5","modified":1721800613000},{"_id":"themes/fluid/scripts/helpers/scope.js","hash":"d41d9d658fcb54964b388598e996747aadb85b0f","modified":1721800613000},{"_id":"themes/fluid/scripts/helpers/url.js","hash":"2a6a8288176d0e0f6ec008056bf2745a86e8943e","modified":1721800613000},{"_id":"themes/fluid/scripts/helpers/utils.js","hash":"966689d7c5e4320008285395fbaa2751f6209be5","modified":1721800613000},{"_id":"themes/fluid/scripts/helpers/wordcount.js","hash":"4d48c424e47ff9a17a563167ea5f480890267adf","modified":1721800613000},{"_id":"themes/fluid/scripts/tags/button.js","hash":"3eb43a8cdea0a64576ad6b31b4df6c2bf5698d4c","modified":1721800613000},{"_id":"themes/fluid/scripts/tags/checkbox.js","hash":"6eaf53cf4bfc756a65bda18184cf8998a12c861d","modified":1721800613000},{"_id":"themes/fluid/scripts/tags/fold.js","hash":"73e4fd12ce3e47981479391ed354b7d9d3279f70","modified":1721800613000},{"_id":"themes/fluid/scripts/tags/group-image.js","hash":"4aeebb797026f1df25646a5d69f7fde79b1bcd26","modified":1721800613000},{"_id":"themes/fluid/scripts/tags/label.js","hash":"f05a6d32cca79535b22907dc03edb9d3fa2d8176","modified":1721800613000},{"_id":"themes/fluid/scripts/tags/mermaid.js","hash":"75160561e1ef3603b6d2ad2938464ab1cb77fd38","modified":1721800613000},{"_id":"themes/fluid/scripts/tags/note.js","hash":"e3b456a079e5dc0032473b516c865b20f83d2c26","modified":1721800613000},{"_id":"themes/fluid/scripts/utils/compare-versions.js","hash":"dbbc928c914fc2bd242cd66aa0c45971aec13a5d","modified":1721800613000},{"_id":"themes/fluid/scripts/utils/crypto.js","hash":"ae4ad8a188ef5b3fa6818b01629fc962b3de8551","modified":1721800613000},{"_id":"themes/fluid/scripts/utils/object.js","hash":"33b57e4decdc5e75c518859f168c8ba80b2c665b","modified":1721800613000},{"_id":"themes/fluid/scripts/utils/resolve.js","hash":"8c4a8b62aa8608f12f1e9046231dff04859dc3e9","modified":1721800613000},{"_id":"themes/fluid/scripts/utils/url-join.js","hash":"718aab5e7b2059a06b093ca738de420d9afa44ba","modified":1721800613000},{"_id":"themes/fluid/source/css/gitalk.css","hash":"a57b3cc8e04a0a4a27aefa07facf5b5e7bca0e76","modified":1721800613000},{"_id":"themes/fluid/source/css/highlight-dark.styl","hash":"45695ef75c31a4aa57324dd408b7e2327a337018","modified":1721800613000},{"_id":"themes/fluid/source/css/highlight.styl","hash":"a9efc52a646a9e585439c768557e3e3c9e3326dc","modified":1721800613000},{"_id":"themes/fluid/source/css/main.styl","hash":"855ae5fe229c51afa57f7645f6997a27a705d7e4","modified":1721800613000},{"_id":"themes/fluid/source/img/avatar.png","hash":"fe739a158cc128f70f780eb5fa96f388b81d478f","modified":1721800613000},{"_id":"themes/fluid/source/img/fluid.png","hash":"64b215db2cb3af98fe639e94537cb5209f959c78","modified":1721800613000},{"_id":"themes/fluid/source/img/loading.gif","hash":"2d2fc0f947940f98c21afafef39ecf226a2e8d55","modified":1721800613000},{"_id":"themes/fluid/source/img/police_beian.png","hash":"90efded6baa2dde599a9d6b1387973e8e64923ea","modified":1721800613000},{"_id":"themes/fluid/source/js/boot.js","hash":"38bd26c6b7acdafda86dda3560e6a3ca488d3c76","modified":1721800613000},{"_id":"themes/fluid/source/js/events.js","hash":"6869811f67e4c3de3edfa4b08464bb242b97a402","modified":1721800613000},{"_id":"themes/fluid/source/js/color-schema.js","hash":"1ef88c881b9f942deadde3d890387b94c617342a","modified":1721800613000},{"_id":"themes/fluid/source/js/img-lazyload.js","hash":"cbdeca434ec4da51f488c821d51b4d23c73294af","modified":1721800613000},{"_id":"themes/fluid/source/js/leancloud.js","hash":"eff77c7a5c399fcaefda48884980571e15243fc9","modified":1721800613000},{"_id":"themes/fluid/source/js/local-search.js","hash":"b9945f76f8682f3ec32edfb285b26eb559f7b7e8","modified":1721800613000},{"_id":"themes/fluid/source/js/plugins.js","hash":"c34916291e392a774ff3e85c55badb83e8661297","modified":1721800613000},{"_id":"themes/fluid/source/js/umami-view.js","hash":"33c4b3883fa747604074ad3921606eeeaeb50716","modified":1721800613000},{"_id":"themes/fluid/source/js/utils.js","hash":"b82e7c289a66dfd36064470fd41c0e96fc598b43","modified":1721800613000},{"_id":"themes/fluid/source/xml/local-search.xml","hash":"8c96ba6a064705602ce28d096fd7dd9069630a55","modified":1721800613000},{"_id":"themes/fluid/layout/_partials/comments/changyan.ejs","hash":"c9b2d68ed3d375f1953e7007307d2a3f75ed6249","modified":1721800613000},{"_id":"themes/fluid/layout/_partials/comments/cusdis.ejs","hash":"5f9dc012be27040bbe874d0c093c0d53958cc987","modified":1721800613000},{"_id":"themes/fluid/layout/_partials/comments/discuss.ejs","hash":"98d065b58ce06b7d18bff3c974e96fa0f34ae03a","modified":1721800613000},{"_id":"themes/fluid/layout/_partials/comments/disqus.ejs","hash":"aab4a4d24c55231a37db308ae94414319cecdd9b","modified":1721800613000},{"_id":"themes/fluid/layout/_partials/comments/giscus.ejs","hash":"95f8b866b158eff9352c381c243b332a155a5110","modified":1721800613000},{"_id":"themes/fluid/layout/_partials/comments/gitalk.ejs","hash":"843bc141a4545eb20d1c92fb63c85d459b4271ec","modified":1721800613000},{"_id":"themes/fluid/layout/_partials/comments/livere.ejs","hash":"2264758fed57542a7389c7aa9f00f1aefa17eb87","modified":1721800613000},{"_id":"themes/fluid/layout/_partials/comments/remark42.ejs","hash":"d4e9532feeb02aed61bd15eda536b5b631454dac","modified":1721800613000},{"_id":"themes/fluid/layout/_partials/comments/twikoo.ejs","hash":"d84bcb5ccd78470a60c067fc914ac0ac67ac8777","modified":1721800613000},{"_id":"themes/fluid/layout/_partials/comments/utterances.ejs","hash":"c7ccf7f28308334a6da6f5425b141a24b5eca0e2","modified":1721800613000},{"_id":"themes/fluid/layout/_partials/comments/valine.ejs","hash":"19ba937553dddd317f827d682661a1066a7b1f30","modified":1721800613000},{"_id":"themes/fluid/layout/_partials/comments/waline.ejs","hash":"3d08c73b77e412d2f06a24d9344565fc7dbc76f8","modified":1721800613000},{"_id":"themes/fluid/layout/_partials/footer/beian.ejs","hash":"4fb9b5dd3f3e41a586d6af44e5069afe7c81fff2","modified":1721800613000},{"_id":"themes/fluid/layout/_partials/footer/statistics.ejs","hash":"954a29b58d72647d20450da270b5d8fb2e0824f5","modified":1721800613000},{"_id":"themes/fluid/layout/_partials/header/banner.ejs","hash":"e07757b59e7b89eea213d0e595cb5932f812fd32","modified":1721800613000},{"_id":"themes/fluid/layout/_partials/header/navigation.ejs","hash":"37d750428772d7c71ba36ce0c2540780d90fadea","modified":1721800613000},{"_id":"themes/fluid/layout/_partials/plugins/analytics.ejs","hash":"e6dcbf1c2f56314d56bb46b50aca86ff68cacebd","modified":1721800613000},{"_id":"themes/fluid/layout/_partials/plugins/anchorjs.ejs","hash":"40181442d3a2b8734783a0ad7caf2d2522e3f2ab","modified":1721800613000},{"_id":"themes/fluid/layout/_partials/plugins/code-widget.ejs","hash":"3a505cba37942badf62a56bbb8b605b72af330aa","modified":1721800613000},{"_id":"themes/fluid/layout/_partials/plugins/encrypt.ejs","hash":"0fff24cf5bf99fbe5c56c292e2eac4a89bf29db4","modified":1721800613000},{"_id":"themes/fluid/layout/_partials/plugins/fancybox.ejs","hash":"9d1ea2a46b8c8ad8c168594d578f40764818ef13","modified":1721800613000},{"_id":"themes/fluid/layout/_partials/plugins/highlight.ejs","hash":"7529dd215b09d3557804333942377b9e20fa554e","modified":1721800613000},{"_id":"themes/fluid/layout/_partials/plugins/math.ejs","hash":"dcbf9a381ee76f2f1f75fcbc22c50a502ec85023","modified":1721800613000},{"_id":"themes/fluid/layout/_partials/plugins/mermaid.ejs","hash":"03ac02762f801970d1c4e73d6ec8d4c503780e50","modified":1721800613000},{"_id":"themes/fluid/layout/_partials/plugins/moment.ejs","hash":"4ff3fb1b60ccc95a0af3bbdbd0757fedefc088b5","modified":1721800613000},{"_id":"themes/fluid/layout/_partials/plugins/nprogress.ejs","hash":"4c2d39ce816b8a6dcd6b53113c8695f8bd650a23","modified":1721800613000},{"_id":"themes/fluid/layout/_partials/plugins/typed.ejs","hash":"f345374885cd6a334f09a11f59c443b5d577c06c","modified":1721800613000},{"_id":"themes/fluid/layout/_partials/post/category-bar.ejs","hash":"8772bce97ed297e7a88523f4e939ed6436c22f87","modified":1721800613000},{"_id":"themes/fluid/layout/_partials/post/meta-bottom.ejs","hash":"375974ec017696e294dc12469fb0ae257800dc2d","modified":1721800613000},{"_id":"themes/fluid/layout/_partials/post/copyright.ejs","hash":"cbfa32c5f5973133afd043853b24f8200455cb2d","modified":1721800613000},{"_id":"themes/fluid/layout/_partials/post/meta-top.ejs","hash":"54dd479dbb440126e4ddd9d902229db5afaaae98","modified":1721800613000},{"_id":"themes/fluid/layout/_partials/post/sidebar-left.ejs","hash":"9992c99b3eb728ad195970e1b84d665f2c8691c4","modified":1721800613000},{"_id":"themes/fluid/layout/_partials/post/toc.ejs","hash":"635a89060fbf72eeda066fc4bd0a97462f069417","modified":1721800613000},{"_id":"themes/fluid/layout/_partials/post/sidebar-right.ejs","hash":"d5fcc9b60e02f869a29a8c17a16a6028ecc1e6d8","modified":1721800613000},{"_id":"themes/fluid/scripts/events/lib/compatible-configs.js","hash":"ef474d1fa5bbafc52619ced0f9dc7eaf2affb363","modified":1721800613000},{"_id":"themes/fluid/scripts/events/lib/footnote.js","hash":"c19ac8050b82c3676b0332a56099ccfcc36d9d52","modified":1721800613000},{"_id":"themes/fluid/scripts/events/lib/hello.js","hash":"bd8376e1cf7892dc2daa58f2f443574be559fdbf","modified":1721800613000},{"_id":"themes/fluid/scripts/events/lib/highlight.js","hash":"a5fe1deccb73b5f578797dbb11038efc15f63ce8","modified":1721800613000},{"_id":"themes/fluid/scripts/events/lib/injects.js","hash":"5ae4b07204683e54b5a1b74e931702bbce2ac23e","modified":1721800613000},{"_id":"themes/fluid/scripts/events/lib/lazyload.js","hash":"9ba0d4bc224e22af8a5a48d6ff13e5a0fcfee2a4","modified":1721800613000},{"_id":"themes/fluid/scripts/events/lib/merge-configs.js","hash":"7c944c43b2ece5dd84859bd9d1fe955d13427387","modified":1721800613000},{"_id":"themes/fluid/source/css/_functions/base.styl","hash":"2e46f3f4e2c9fe34c1ff1c598738fc7349ae8188","modified":1721800613000},{"_id":"themes/fluid/source/css/_mixins/base.styl","hash":"542e306ee9494e8a78e44d6d7d409605d94caeb3","modified":1721800613000},{"_id":"themes/fluid/source/css/_pages/pages.styl","hash":"b8e887bc7fb3b765a1f8ec9448eff8603a41984f","modified":1721800613000},{"_id":"themes/fluid/source/css/_variables/base.styl","hash":"4ed5f0ae105ef4c7dd92eaf652ceda176c38e502","modified":1721800613000},{"_id":"themes/fluid/source/css/_pages/_about/about.styl","hash":"97fe42516ea531fdad771489b68aa8b2a7f6ae46","modified":1721800613000},{"_id":"themes/fluid/source/css/_pages/_archive/archive.styl","hash":"c475e6681546d30350eaed11f23081ecae80c375","modified":1721800613000},{"_id":"themes/fluid/source/css/_pages/_base/base.styl","hash":"643284c567665f96915f0b64e59934dda315f74d","modified":1721800613000},{"_id":"themes/fluid/source/css/_pages/_base/color-schema.styl","hash":"85492ef64d7e5f70f0f7e46d570bbc911e686d7e","modified":1721800613000},{"_id":"themes/fluid/source/css/_pages/_base/inline.styl","hash":"411a3fa3f924a87e00ff04d18b5c83283b049a4d","modified":1721800613000},{"_id":"themes/fluid/source/css/_pages/_base/keyframes.styl","hash":"94065ea50f5bef7566d184f2422f6ac20866ba22","modified":1721800613000},{"_id":"themes/fluid/source/css/_pages/_base/print.styl","hash":"166afbc596ea4b552bad7290ec372d25ec34db7b","modified":1721800613000},{"_id":"themes/fluid/source/css/_pages/_category/category-bar.styl","hash":"cc6df43fef6bb3efecbfdd8b9e467424a1dea581","modified":1721800613000},{"_id":"themes/fluid/source/css/_pages/_category/category-chain.styl","hash":"0cdf7ef50dfd0669d3b257821384ff31cd81b7c9","modified":1721800613000},{"_id":"themes/fluid/source/css/_pages/_category/category-list.styl","hash":"7edfe1b571ecca7d08f5f4dbcf76f4ffdcfbf0b5","modified":1721800613000},{"_id":"themes/fluid/source/css/_pages/_index/index.styl","hash":"25fb6fa4c783b847c632584c49a7e1593cdb2f5d","modified":1721800613000},{"_id":"themes/fluid/source/css/_pages/_links/links.styl","hash":"5c7f2044e3f1da05a3229537c06bd879836f8d6e","modified":1721800613000},{"_id":"themes/fluid/source/css/_pages/_post/comment.styl","hash":"780f3788e7357bcd3f3262d781cb91bb53976a93","modified":1721800613000},{"_id":"themes/fluid/source/css/_pages/_post/highlight.styl","hash":"4df764d298fe556e501db4afc2b05686fe6ebcfb","modified":1721800613000},{"_id":"themes/fluid/source/css/_pages/_post/markdown.styl","hash":"1e3d3a82721e7c10bcfcecec6d81cf2979039452","modified":1721800613000},{"_id":"themes/fluid/source/css/_pages/_post/post-page.styl","hash":"7eee3f78296a3c81849a5415d1d43dcc6e03e6aa","modified":1721800613000},{"_id":"themes/fluid/source/css/_pages/_post/post-tag.styl","hash":"c96d36aa8fe20f0c3c1a29ee2473cd8064b10f73","modified":1721800613000},{"_id":"themes/fluid/source/css/_pages/_tag/tags.styl","hash":"65bfc01c76abc927fa1a23bf2422892b0d566c3f","modified":1721800613000},{"_id":"themes/fluid/source/css/_pages/_base/_widget/banner.styl","hash":"7a0bd629bc234fc75e3cc8e3715ffada92f09e73","modified":1721800613000},{"_id":"themes/fluid/source/css/_pages/_base/_widget/anchorjs.styl","hash":"e0cebda4a6f499aff75e71417d88caa7ceb13b94","modified":1721800613000},{"_id":"themes/fluid/source/css/_pages/_base/_widget/board.styl","hash":"4397037fc3f0033dbe546c33cd9dbdabd8cb1632","modified":1721800613000},{"_id":"themes/fluid/source/css/_pages/_base/_widget/code-widget.styl","hash":"b66ab013f0f37d724a149b85b3c7432afcf460ad","modified":1721800613000},{"_id":"themes/fluid/source/css/_pages/_base/_widget/copyright.styl","hash":"26f71a9cd60d96bb0cb5bbdf58150b8e524d9707","modified":1721800613000},{"_id":"themes/fluid/source/css/_pages/_base/_widget/footnote.styl","hash":"ae9289cc89649af2042907f8a003303b987f3404","modified":1721800613000},{"_id":"themes/fluid/source/css/_pages/_base/_widget/footer.styl","hash":"2caaca71dd1ff63d583099ed817677dd267b457e","modified":1721800613000},{"_id":"themes/fluid/source/css/_pages/_base/_widget/header.styl","hash":"d42b748f2f49ef32aafb1a21d75991d2459da927","modified":1721800613000},{"_id":"themes/fluid/source/css/_pages/_base/_widget/modal.styl","hash":"adf6c1e5c8e1fb41c77ce6e2258001df61245aa2","modified":1721800613000},{"_id":"themes/fluid/source/css/_pages/_base/_widget/ngrogress.styl","hash":"5d225357b4a58d46118e6616377168336ed44cb2","modified":1721800613000},{"_id":"themes/fluid/source/css/_pages/_base/_widget/noscript.styl","hash":"0cf2f2bb44f456150d428016675d5876a9d2e2aa","modified":1721800613000},{"_id":"themes/fluid/source/css/_pages/_base/_widget/pagination.styl","hash":"8bb1b68e5f3552cb48c2ffa31edbc53646a8fb4c","modified":1721800613000},{"_id":"themes/fluid/source/css/_pages/_base/_widget/qrcode.styl","hash":"78704a94c0436097abfb0e0a57abeb3429c749b7","modified":1721800613000},{"_id":"themes/fluid/source/css/_pages/_base/_widget/scroll-btn.styl","hash":"f0e429a27fa8a7658fcbddbb4d4dbe4afa12499a","modified":1721800613000},{"_id":"themes/fluid/source/css/_pages/_base/_widget/search.styl","hash":"10f7e91a91e681fb9fe46f9df7707b9ef78707c8","modified":1721800613000},{"_id":"themes/fluid/source/css/_pages/_base/_widget/toc.styl","hash":"9e7452aa2372153f25d7a4675c9d36d281a65d24","modified":1721800613000},{"_id":"themes/fluid/source/img/default.png","hash":"167a12978d80371cf578c8a2e45c24a2eb25b6fb","modified":1721800613000},{"_id":"public/local-search.xml","hash":"fead7bf4987e6f1b1b95780f01433708f1b7acd8","modified":1762495866559},{"_id":"public/about/index.html","hash":"b8044e542e93124e8d7847af4ed1bb59e078f351","modified":1762490863520},{"_id":"public/archives/index.html","hash":"4cc19b74883634407776c7eac12b95387d09dd5f","modified":1762490863520},{"_id":"public/archives/2025/index.html","hash":"8118367f4b0bca85d26e42206935567e39a3cd08","modified":1762490863520},{"_id":"public/archives/2025/08/index.html","hash":"b0a9a059e60fdafe64d84cc895db3f0524f31472","modified":1762490863520},{"_id":"public/archives/2025/11/index.html","hash":"0bcc9ce53112cde8e5ae4b6dc7ef072614f96b56","modified":1762490863520},{"_id":"public/404.html","hash":"a51b4b7bd0412d22f5536b1fb57e09b30b8e69b2","modified":1762490863520},{"_id":"public/tags/index.html","hash":"24ac9336d5e3543a81c1c3fede2d3f83a846747a","modified":1762490863520},{"_id":"public/categories/index.html","hash":"80af8b05c4fba970a16d92c18dd9855f8bf09eb1","modified":1762490863520},{"_id":"public/2025/11/06/最近在干嘛/index.html","hash":"394726f8be05adf224b97e3afdab351105146d2f","modified":1762490863520},{"_id":"public/2025/08/12/中医/index.html","hash":"cbaf99fbca806c288fe515f4074480dca47df79e","modified":1762490863520},{"_id":"public/2025/08/07/CYH/index.html","hash":"0cb79b424e939e35d9c9bcc02c1ecbc30d05b70f","modified":1762490863520},{"_id":"public/2025/08/06/崔玉卉是大美女/index.html","hash":"3fc1518e7ba80b2e78138d084fd20b2c37009fbf","modified":1762490863520},{"_id":"public/2025/08/06/ceshi/index.html","hash":"b7a9d95904acba7125c2f8a9e84388fd920816d6","modified":1762495866559},{"_id":"public/2025/08/06/记录第一次成功搭建个人博客/index.html","hash":"a04c0686f246cbd84f4680190b118bf870decd2c","modified":1762490863520},{"_id":"public/2025/08/06/hello-world/index.html","hash":"929b912fc6e44a2278aea1d790e169c62ca76ed7","modified":1762490863520},{"_id":"public/index.html","hash":"b0d39385f01884a77cec104b9509905e5a1e14d2","modified":1762495866559},{"_id":"public/links/index.html","hash":"8baafd9ba6aa575614dc25180106c1f39d2a3c85","modified":1762490863520},{"_id":"public/img/avatar.png","hash":"fe739a158cc128f70f780eb5fa96f388b81d478f","modified":1762490863520},{"_id":"public/img/fluid.png","hash":"64b215db2cb3af98fe639e94537cb5209f959c78","modified":1762490863520},{"_id":"public/img/loading.gif","hash":"2d2fc0f947940f98c21afafef39ecf226a2e8d55","modified":1762490863520},{"_id":"public/img/police_beian.png","hash":"90efded6baa2dde599a9d6b1387973e8e64923ea","modified":1762490863520},{"_id":"public/xml/local-search.xml","hash":"8c96ba6a064705602ce28d096fd7dd9069630a55","modified":1762490863520},{"_id":"public/css/gitalk.css","hash":"a57b3cc8e04a0a4a27aefa07facf5b5e7bca0e76","modified":1762490863520},{"_id":"public/css/highlight.css","hash":"04d4ddbb5e1d1007447c2fe293ee05aae9b9563e","modified":1762490863520},{"_id":"public/css/highlight-dark.css","hash":"902294bada4323c0f51502d67cba8c3a0298952f","modified":1762490863520},{"_id":"public/js/boot.js","hash":"38bd26c6b7acdafda86dda3560e6a3ca488d3c76","modified":1762490863520},{"_id":"public/js/events.js","hash":"6869811f67e4c3de3edfa4b08464bb242b97a402","modified":1762490863520},{"_id":"public/js/color-schema.js","hash":"1ef88c881b9f942deadde3d890387b94c617342a","modified":1762490863520},{"_id":"public/js/img-lazyload.js","hash":"cbdeca434ec4da51f488c821d51b4d23c73294af","modified":1762490863520},{"_id":"public/js/leancloud.js","hash":"eff77c7a5c399fcaefda48884980571e15243fc9","modified":1762490863520},{"_id":"public/js/local-search.js","hash":"b9945f76f8682f3ec32edfb285b26eb559f7b7e8","modified":1762490863520},{"_id":"public/js/plugins.js","hash":"c34916291e392a774ff3e85c55badb83e8661297","modified":1762490863520},{"_id":"public/js/umami-view.js","hash":"33c4b3883fa747604074ad3921606eeeaeb50716","modified":1762490863520},{"_id":"public/js/utils.js","hash":"b82e7c289a66dfd36064470fd41c0e96fc598b43","modified":1762490863520},{"_id":"public/css/main.css","hash":"14ebd9b515085666cee29bbcbe362ad3604ab62a","modified":1762490863520},{"_id":"public/2025/08/06/ceshi/ceshi.png","hash":"f16c2739cbece594cfb64dedd30dd0a02c5a05cf","modified":1762490863520},{"_id":"public/img/default.png","hash":"167a12978d80371cf578c8a2e45c24a2eb25b6fb","modified":1762490863520}],"Category":[],"Data":[],"Page":[{"title":"about","date":"2025-08-06T02:34:10.000Z","_content":"刘钝根","source":"about/index.md","raw":"---\ntitle: about\ndate: 2025-08-06 10:34:10\n---\n刘钝根","updated":"2025-08-06T02:34:56.735Z","path":"about/index.html","comments":1,"layout":"page","_id":"cmhodjygg0000u8djcs865o1v","content":"<p>刘钝根</p>\n","excerpt":"","more":"<p>刘钝根</p>\n"}],"Post":[{"title":"CYH","date":"2025-08-07T06:21:54.000Z","_content":"我是大聪明","source":"_posts/CYH.md","raw":"---\ntitle: CYH\ndate: 2025-08-07 14:21:54\ntags:\n---\n我是大聪明","slug":"CYH","published":1,"updated":"2025-08-07T06:22:20.384Z","comments":1,"layout":"post","photos":[],"_id":"cmhodjygk0001u8djg8232csa","content":"<p>我是大聪明</p>\n","excerpt":"","more":"<p>我是大聪明</p>\n"},{"title":"想把我唱给你听","date":"2025-08-06T02:18:34.000Z","_content":"\n歌单\n<iframe frameborder=\"no\" border=\"0\" marginwidth=\"0\" marginheight=\"0\" width=330 height=450 src=\"//music.163.com/outchain/player?type=0&id=9066609719&auto=1&height=430\"></iframe>\n\n想把我唱给你听\n<iframe src=\"http://music.163.com/song/media/outer/url?id=1843110965.mp3\" name=\"想把我唱给你听\" scrolling=\"auto\" width=\"100%\" height=\"100%\" style=\"border: none #b0b0b0;\"></iframe>\n\n富士山下\n<iframe src=\"http://music.163.com/song/media/outer/url?id=2599695445.mp3\" name=\"富士山下\" scrolling=\"auto\" width=\"100%\" height=\"100%\" style=\"border: none #b0b0b0;\"></iframe>\n\n","source":"_posts/ceshi.md","raw":"---\ntitle: 想把我唱给你听\ndate: 2025-08-06 10:18:34\ntags:\n---\n\n歌单\n<iframe frameborder=\"no\" border=\"0\" marginwidth=\"0\" marginheight=\"0\" width=330 height=450 src=\"//music.163.com/outchain/player?type=0&id=9066609719&auto=1&height=430\"></iframe>\n\n想把我唱给你听\n<iframe src=\"http://music.163.com/song/media/outer/url?id=1843110965.mp3\" name=\"想把我唱给你听\" scrolling=\"auto\" width=\"100%\" height=\"100%\" style=\"border: none #b0b0b0;\"></iframe>\n\n富士山下\n<iframe src=\"http://music.163.com/song/media/outer/url?id=2599695445.mp3\" name=\"富士山下\" scrolling=\"auto\" width=\"100%\" height=\"100%\" style=\"border: none #b0b0b0;\"></iframe>\n\n","slug":"ceshi","published":1,"updated":"2025-11-07T06:10:58.976Z","_id":"cmhodjygp0002u8dj2pomcmzk","comments":1,"layout":"post","photos":[],"content":"<p>歌单</p>\n<iframe frameborder=\"no\" border=\"0\" marginwidth=\"0\" marginheight=\"0\" width=330 height=450 src=\"//music.163.com/outchain/player?type=0&id=9066609719&auto=1&height=430\"></iframe>\n\n<p>想把我唱给你听</p>\n<iframe src=\"http://music.163.com/song/media/outer/url?id=1843110965.mp3\" name=\"想把我唱给你听\" scrolling=\"auto\" width=\"100%\" height=\"100%\" style=\"border: none #b0b0b0;\"></iframe>\n\n<p>富士山下</p>\n<iframe src=\"http://music.163.com/song/media/outer/url?id=2599695445.mp3\" name=\"富士山下\" scrolling=\"auto\" width=\"100%\" height=\"100%\" style=\"border: none #b0b0b0;\"></iframe>\n\n","excerpt":"","more":"<p>歌单</p>\n<iframe frameborder=\"no\" border=\"0\" marginwidth=\"0\" marginheight=\"0\" width=330 height=450 src=\"//music.163.com/outchain/player?type=0&id=9066609719&auto=1&height=430\"></iframe>\n\n<p>想把我唱给你听</p>\n<iframe src=\"http://music.163.com/song/media/outer/url?id=1843110965.mp3\" name=\"想把我唱给你听\" scrolling=\"auto\" width=\"100%\" height=\"100%\" style=\"border: none #b0b0b0;\"></iframe>\n\n<p>富士山下</p>\n<iframe src=\"http://music.163.com/song/media/outer/url?id=2599695445.mp3\" name=\"富士山下\" scrolling=\"auto\" width=\"100%\" height=\"100%\" style=\"border: none #b0b0b0;\"></iframe>\n\n"},{"_content":"\n\n\n<!--more-->\n\n\n---\ntitle: Hello World\n---\nWelcome to [Hexo](https://hexo.io/)! This is your very first post. Check [documentation](https://hexo.io/docs/) for more info. If you get any problems when using Hexo, you can find the answer in [troubleshooting](https://hexo.io/docs/troubleshooting.html) or you can ask me on [GitHub](https://github.com/hexojs/hexo/issues).\n\n## Quick Start\n\n### Create a new post\n\n``` bash\n$ hexo new \"My New Post\"\n```\n\nMore info: [Writing](https://hexo.io/docs/writing.html)\n\n### Run server\n\n``` bash\n$ hexo server\n```\n\nMore info: [Server](https://hexo.io/docs/server.html)\n\n### Generate static files\n\n``` bash\n$ hexo generate\n```\n\nMore info: [Generating](https://hexo.io/docs/generating.html)\n\n### Deploy to remote sites\n\n``` bash\n$ hexo deploy\n```\n\nMore info: [Deployment](https://hexo.io/docs/one-command-deployment.html)\n","source":"_posts/hello-world.md","raw":"\n\n\n<!--more-->\n\n\n---\ntitle: Hello World\n---\nWelcome to [Hexo](https://hexo.io/)! This is your very first post. Check [documentation](https://hexo.io/docs/) for more info. If you get any problems when using Hexo, you can find the answer in [troubleshooting](https://hexo.io/docs/troubleshooting.html) or you can ask me on [GitHub](https://github.com/hexojs/hexo/issues).\n\n## Quick Start\n\n### Create a new post\n\n``` bash\n$ hexo new \"My New Post\"\n```\n\nMore info: [Writing](https://hexo.io/docs/writing.html)\n\n### Run server\n\n``` bash\n$ hexo server\n```\n\nMore info: [Server](https://hexo.io/docs/server.html)\n\n### Generate static files\n\n``` bash\n$ hexo generate\n```\n\nMore info: [Generating](https://hexo.io/docs/generating.html)\n\n### Deploy to remote sites\n\n``` bash\n$ hexo deploy\n```\n\nMore info: [Deployment](https://hexo.io/docs/one-command-deployment.html)\n","slug":"hello-world","published":1,"date":"2025-08-06T01:32:56.975Z","updated":"2025-08-06T02:23:36.281Z","title":"","comments":1,"layout":"post","photos":[],"_id":"cmhodjygs0003u8djdeprccng","content":"<span id=\"more\"></span>\n\n\n<hr>\n<h2 id=\"title-Hello-World\"><a href=\"#title-Hello-World\" class=\"headerlink\" title=\"title: Hello World\"></a>title: Hello World</h2><p>Welcome to <a href=\"https://hexo.io/\">Hexo</a>! This is your very first post. Check <a href=\"https://hexo.io/docs/\">documentation</a> for more info. If you get any problems when using Hexo, you can find the answer in <a href=\"https://hexo.io/docs/troubleshooting.html\">troubleshooting</a> or you can ask me on <a href=\"https://github.com/hexojs/hexo/issues\">GitHub</a>.</p>\n<h2 id=\"Quick-Start\"><a href=\"#Quick-Start\" class=\"headerlink\" title=\"Quick Start\"></a>Quick Start</h2><h3 id=\"Create-a-new-post\"><a href=\"#Create-a-new-post\" class=\"headerlink\" title=\"Create a new post\"></a>Create a new post</h3><figure class=\"highlight bash\"><table><tr><td class=\"gutter\"><pre><span class=\"line\">1</span><br></pre></td><td class=\"code\"><pre><code class=\"hljs bash\">$ hexo new <span class=\"hljs-string\">&quot;My New Post&quot;</span><br></code></pre></td></tr></table></figure>\n\n<p>More info: <a href=\"https://hexo.io/docs/writing.html\">Writing</a></p>\n<h3 id=\"Run-server\"><a href=\"#Run-server\" class=\"headerlink\" title=\"Run server\"></a>Run server</h3><figure class=\"highlight bash\"><table><tr><td class=\"gutter\"><pre><span class=\"line\">1</span><br></pre></td><td class=\"code\"><pre><code class=\"hljs bash\">$ hexo server<br></code></pre></td></tr></table></figure>\n\n<p>More info: <a href=\"https://hexo.io/docs/server.html\">Server</a></p>\n<h3 id=\"Generate-static-files\"><a href=\"#Generate-static-files\" class=\"headerlink\" title=\"Generate static files\"></a>Generate static files</h3><figure class=\"highlight bash\"><table><tr><td class=\"gutter\"><pre><span class=\"line\">1</span><br></pre></td><td class=\"code\"><pre><code class=\"hljs bash\">$ hexo generate<br></code></pre></td></tr></table></figure>\n\n<p>More info: <a href=\"https://hexo.io/docs/generating.html\">Generating</a></p>\n<h3 id=\"Deploy-to-remote-sites\"><a href=\"#Deploy-to-remote-sites\" class=\"headerlink\" title=\"Deploy to remote sites\"></a>Deploy to remote sites</h3><figure class=\"highlight bash\"><table><tr><td class=\"gutter\"><pre><span class=\"line\">1</span><br></pre></td><td class=\"code\"><pre><code class=\"hljs bash\">$ hexo deploy<br></code></pre></td></tr></table></figure>\n\n<p>More info: <a href=\"https://hexo.io/docs/one-command-deployment.html\">Deployment</a></p>\n","excerpt":"","more":"<hr>\n<h2 id=\"title-Hello-World\"><a href=\"#title-Hello-World\" class=\"headerlink\" title=\"title: Hello World\"></a>title: Hello World</h2><p>Welcome to <a href=\"https://hexo.io/\">Hexo</a>! This is your very first post. Check <a href=\"https://hexo.io/docs/\">documentation</a> for more info. If you get any problems when using Hexo, you can find the answer in <a href=\"https://hexo.io/docs/troubleshooting.html\">troubleshooting</a> or you can ask me on <a href=\"https://github.com/hexojs/hexo/issues\">GitHub</a>.</p>\n<h2 id=\"Quick-Start\"><a href=\"#Quick-Start\" class=\"headerlink\" title=\"Quick Start\"></a>Quick Start</h2><h3 id=\"Create-a-new-post\"><a href=\"#Create-a-new-post\" class=\"headerlink\" title=\"Create a new post\"></a>Create a new post</h3><figure class=\"highlight bash\"><table><tr><td class=\"gutter\"><pre><span class=\"line\">1</span><br></pre></td><td class=\"code\"><pre><code class=\"hljs bash\">$ hexo new <span class=\"hljs-string\">&quot;My New Post&quot;</span><br></code></pre></td></tr></table></figure>\n\n<p>More info: <a href=\"https://hexo.io/docs/writing.html\">Writing</a></p>\n<h3 id=\"Run-server\"><a href=\"#Run-server\" class=\"headerlink\" title=\"Run server\"></a>Run server</h3><figure class=\"highlight bash\"><table><tr><td class=\"gutter\"><pre><span class=\"line\">1</span><br></pre></td><td class=\"code\"><pre><code class=\"hljs bash\">$ hexo server<br></code></pre></td></tr></table></figure>\n\n<p>More info: <a href=\"https://hexo.io/docs/server.html\">Server</a></p>\n<h3 id=\"Generate-static-files\"><a href=\"#Generate-static-files\" class=\"headerlink\" title=\"Generate static files\"></a>Generate static files</h3><figure class=\"highlight bash\"><table><tr><td class=\"gutter\"><pre><span class=\"line\">1</span><br></pre></td><td class=\"code\"><pre><code class=\"hljs bash\">$ hexo generate<br></code></pre></td></tr></table></figure>\n\n<p>More info: <a href=\"https://hexo.io/docs/generating.html\">Generating</a></p>\n<h3 id=\"Deploy-to-remote-sites\"><a href=\"#Deploy-to-remote-sites\" class=\"headerlink\" title=\"Deploy to remote sites\"></a>Deploy to remote sites</h3><figure class=\"highlight bash\"><table><tr><td class=\"gutter\"><pre><span class=\"line\">1</span><br></pre></td><td class=\"code\"><pre><code class=\"hljs bash\">$ hexo deploy<br></code></pre></td></tr></table></figure>\n\n<p>More info: <a href=\"https://hexo.io/docs/one-command-deployment.html\">Deployment</a></p>"},{"title":"中医","date":"2025-08-12T03:33:50.000Z","_content":"","source":"_posts/中医.md","raw":"---\ntitle: 中医\ndate: 2025-08-12 11:33:50\ntags:\n---\n","slug":"中医","published":1,"updated":"2025-08-12T05:56:09.706Z","comments":1,"layout":"post","photos":[],"_id":"cmhodjygv0004u8djewu51n2m","content":"","excerpt":"","more":""},{"title":"CYH","date":"2025-08-06T03:26:12.000Z","_content":"我是一个大狗屁\n我是一头小花猪\n我爱吃青草和白菜\n妈妈告诉我 要好好听话\n好好上班\n做一个对社会有用的人\n我好好学习\n每天早期用功读书\n每次考试都是班级前三名\n最终如愿考上了好大学\n毕业之后\n来到了公司\n在这里施展我的个人才能\n凭借我的个人本事\n从基层做起\n一步一个脚印\n兢兢业业 默默无闻\n从雪松路到银兰路\n从水云苑北部到西部\n无一不见证着我的成长与进步\n五年了\n终于","source":"_posts/崔玉卉是大美女.md","raw":"---\ntitle: CYH\ndate: 2025-08-06 11:26:12\ntags:\n---\n我是一个大狗屁\n我是一头小花猪\n我爱吃青草和白菜\n妈妈告诉我 要好好听话\n好好上班\n做一个对社会有用的人\n我好好学习\n每天早期用功读书\n每次考试都是班级前三名\n最终如愿考上了好大学\n毕业之后\n来到了公司\n在这里施展我的个人才能\n凭借我的个人本事\n从基层做起\n一步一个脚印\n兢兢业业 默默无闻\n从雪松路到银兰路\n从水云苑北部到西部\n无一不见证着我的成长与进步\n五年了\n终于","slug":"崔玉卉是大美女","published":1,"updated":"2025-08-06T06:44:42.992Z","comments":1,"layout":"post","photos":[],"_id":"cmhodjygx0005u8dj3tr249p5","content":"<p>我是一个大狗屁<br>我是一头小花猪<br>我爱吃青草和白菜<br>妈妈告诉我 要好好听话<br>好好上班<br>做一个对社会有用的人<br>我好好学习<br>每天早期用功读书<br>每次考试都是班级前三名<br>最终如愿考上了好大学<br>毕业之后<br>来到了公司<br>在这里施展我的个人才能<br>凭借我的个人本事<br>从基层做起<br>一步一个脚印<br>兢兢业业 默默无闻<br>从雪松路到银兰路<br>从水云苑北部到西部<br>无一不见证着我的成长与进步<br>五年了<br>终于</p>\n","excerpt":"","more":"<p>我是一个大狗屁<br>我是一头小花猪<br>我爱吃青草和白菜<br>妈妈告诉我 要好好听话<br>好好上班<br>做一个对社会有用的人<br>我好好学习<br>每天早期用功读书<br>每次考试都是班级前三名<br>最终如愿考上了好大学<br>毕业之后<br>来到了公司<br>在这里施展我的个人才能<br>凭借我的个人本事<br>从基层做起<br>一步一个脚印<br>兢兢业业 默默无闻<br>从雪松路到银兰路<br>从水云苑北部到西部<br>无一不见证着我的成长与进步<br>五年了<br>终于</p>\n"},{"title":"最近在干嘛","date":"2025-11-06T08:31:55.000Z","_content":"天气渐渐变凉啦，十一月份的风带着落叶，感觉到秋天的幸福。\n搬到新的小区一个多月了，倒是没有好好看过小区的环境。\n上个礼拜去看了曹悦生了宝宝，昨天刘潇滢也生了宝宝，这个礼拜也要去看看啦。\n<img src=\"https://img.remit.ee/api/file/BQACAgUAAyEGAASHRsPbAAEFejJpDGA7i5uBTZCx33eiOUoUhB3fjQACMD4AAie1YVQEvu4BY2fHxDYE.jpg\" alt=\"秋.jpg\" />\n","source":"_posts/最近在干嘛.md","raw":"---\ntitle: 最近在干嘛\ndate: 2025-11-06 16:31:55\ntags:\n---\n天气渐渐变凉啦，十一月份的风带着落叶，感觉到秋天的幸福。\n搬到新的小区一个多月了，倒是没有好好看过小区的环境。\n上个礼拜去看了曹悦生了宝宝，昨天刘潇滢也生了宝宝，这个礼拜也要去看看啦。\n<img src=\"https://img.remit.ee/api/file/BQACAgUAAyEGAASHRsPbAAEFejJpDGA7i5uBTZCx33eiOUoUhB3fjQACMD4AAie1YVQEvu4BY2fHxDYE.jpg\" alt=\"秋.jpg\" />\n","slug":"最近在干嘛","published":1,"updated":"2025-11-06T08:45:57.358Z","comments":1,"layout":"post","photos":[],"_id":"cmhodjygy0006u8djg9993byi","content":"<p>天气渐渐变凉啦，十一月份的风带着落叶，感觉到秋天的幸福。<br>搬到新的小区一个多月了，倒是没有好好看过小区的环境。<br>上个礼拜去看了曹悦生了宝宝，昨天刘潇滢也生了宝宝，这个礼拜也要去看看啦。<br><img src=\"https://img.remit.ee/api/file/BQACAgUAAyEGAASHRsPbAAEFejJpDGA7i5uBTZCx33eiOUoUhB3fjQACMD4AAie1YVQEvu4BY2fHxDYE.jpg\" alt=\"秋.jpg\" /></p>\n","excerpt":"","more":"<p>天气渐渐变凉啦，十一月份的风带着落叶，感觉到秋天的幸福。<br>搬到新的小区一个多月了，倒是没有好好看过小区的环境。<br>上个礼拜去看了曹悦生了宝宝，昨天刘潇滢也生了宝宝，这个礼拜也要去看看啦。<br><img src=\"https://img.remit.ee/api/file/BQACAgUAAyEGAASHRsPbAAEFejJpDGA7i5uBTZCx33eiOUoUhB3fjQACMD4AAie1YVQEvu4BY2fHxDYE.jpg\" alt=\"秋.jpg\" /></p>\n"},{"title":"记录第一次成功搭建个人博客","date":"2025-08-06T02:18:34.000Z","_content":"\n记录第一次成功搭建个人博客！\nLDG♥CYH","source":"_posts/记录第一次成功搭建个人博客.md","raw":"---\ntitle: 记录第一次成功搭建个人博客\ndate: 2025-08-06 10:18:34\ntags:\n---\n\n记录第一次成功搭建个人博客！\nLDG♥CYH","slug":"记录第一次成功搭建个人博客","published":1,"updated":"2025-08-06T02:21:44.445Z","comments":1,"layout":"post","photos":[],"_id":"cmhodjyh00007u8dj8w0c97pa","content":"<p>记录第一次成功搭建个人博客！<br>LDG♥CYH</p>\n","excerpt":"","more":"<p>记录第一次成功搭建个人博客！<br>LDG♥CYH</p>\n"}],"PostAsset":[{"_id":"source/_posts/ceshi/ceshi.png","slug":"ceshi.png","post":"cmhodjygp0002u8dj2pomcmzk","modified":0,"renderable":0}],"PostCategory":[],"PostTag":[],"Tag":[]}}